req_id,program,concentration,catalog_term,group,rule,n_or_units,courses,filter,min_grade,notes,source_url,status,verified_by
lower-foundation,BBA,,2026-fall,Lower core,one course,1,"BUS 201, BUS 202",institution SFU,C-,BUS 201: high-school pathway; BUS 202: transfer pathway.,https://www.sfu.ca/students/calendar/2026/fall/programs/business/major/bachelor-of-business-administration.html,source_checked,Codex
lower-bus203,BBA,,2026-fall,Lower core,one course,1,BUS 203,institution SFU,P,Applies to BBA entrants Fall 2022 onward.,https://www.sfu.ca/students/calendar/2026/fall/courses/bus/203.html,source_checked,Codex
lower-bus217w,BBA,,2026-fall,Lower core,one course,1,BUS 217W,,C-,,https://www.sfu.ca/students/calendar/2026/fall/programs/business/major/bachelor-of-business-administration.html,source_checked,Codex
lower-bus237,BBA,,2026-fall,Lower core,one course,1,BUS 237,,C-,,https://www.sfu.ca/students/calendar/2026/fall/programs/business/major/bachelor-of-business-administration.html,source_checked,Codex
lower-bus240,BBA,,2026-fall,Lower core,one course,1,BUS 240,,C-,,https://www.sfu.ca/students/calendar/2026/fall/programs/business/major/bachelor-of-business-administration.html,source_checked,Codex
lower-bus251,BBA,,2026-fall,Lower core,one course,1,BUS 251,,C-,,https://www.sfu.ca/students/calendar/2026/fall/programs/business/major/bachelor-of-business-administration.html,source_checked,Codex
lower-bus254,BBA,,2026-fall,Lower core,one course,1,BUS 254,,C-,,https://www.sfu.ca/students/calendar/2026/fall/programs/business/major/bachelor-of-business-administration.html,source_checked,Codex
lower-bus272,BBA,,2026-fall,Lower core,one course,1,BUS 272,,C-,,https://www.sfu.ca/students/calendar/2026/fall/programs/business/major/bachelor-of-business-administration.html,source_checked,Codex
lower-bus275,BBA,,2026-fall,Lower core,one course,1,BUS 275,,C-,,https://www.sfu.ca/students/calendar/2026/fall/programs/business/major/bachelor-of-business-administration.html,source_checked,Codex
lower-stats,BBA,,2026-fall,Lower core,one course,1,"BUS 232, ECON 233, STAT 270",,C-,,https://www.sfu.ca/students/calendar/2026/fall/programs/business/major/bachelor-of-business-administration.html,source_checked,Codex
lower-managerial-economics,BBA,,2026-fall,Lower core,one course,1,"BUS 207, ECON 201",,C-,,https://www.sfu.ca/students/calendar/2026/fall/programs/business/major/bachelor-of-business-administration.html,source_checked,Codex
lower-microeconomics,BBA,,2026-fall,Lower core,one course,1,"ECON 103, ECON 113",,C-,,https://www.sfu.ca/students/calendar/2026/fall/programs/business/major/bachelor-of-business-administration.html,source_checked,Codex
lower-macroeconomics,BBA,,2026-fall,Lower core,one course,1,"ECON 105, ECON 115",,C-,,https://www.sfu.ca/students/calendar/2026/fall/programs/business/major/bachelor-of-business-administration.html,source_checked,Codex
lower-calculus,BBA,,2026-fall,Lower core,one course,1,"MATH 150, MATH 151, MATH 154, MATH 157",,C-,,https://www.sfu.ca/students/calendar/2026/fall/programs/business/major/bachelor-of-business-administration.html,source_checked,Codex
lower-english-philosophy-literature,BBA,,2026-fall,Lower core,one course,1,"ENGL 111W, ENGL 112W, ENGL 113W, ENGL 114W, ENGL 115W, ENGL 199W, PHIL 100W, PHIL 105, PHIL 110, PHIL 120W, PHIL 150, WL 101W, WL 103W, WL 104W, WL 105W",,C-,Alternative: 3 unspecified transfer units in English or ENGL-Writing at 100/200 level.,https://www.sfu.ca/students/calendar/2026/fall/programs/business/major/bachelor-of-business-administration.html,source_checked,Codex
upper-bus300,BBA,,2026-fall,Upper core,one course,1,BUS 300,institution SFU,P,Applies to BBA entrants Fall 2022 onward.,https://www.sfu.ca/students/calendar/2026/fall/courses/bus/300.html,source_checked,Codex
upper-bus303,BBA,,2026-fall,Upper core,one course,1,BUS 303,,C-,,https://www.sfu.ca/students/calendar/2026/fall/programs/business/major/bachelor-of-business-administration.html,source_checked,Codex
upper-bus312,BBA,,2026-fall,Upper core,one course,1,BUS 312,,C-,,https://www.sfu.ca/students/calendar/2026/fall/programs/business/major/bachelor-of-business-administration.html,source_checked,Codex
upper-bus343,BBA,,2026-fall,Upper core,one course,1,BUS 343,,C-,,https://www.sfu.ca/students/calendar/2026/fall/programs/business/major/bachelor-of-business-administration.html,source_checked,Codex
upper-bus360w,BBA,,2026-fall,Upper core,one course,1,BUS 360W,institution SFU,C-,Complete before 75th unit.,https://www.sfu.ca/students/calendar/2026/fall/programs/business/major/bachelor-of-business-administration.html,source_checked,Codex
upper-bus373,BBA,,2026-fall,Upper core,one course,1,BUS 373,,C-,,https://www.sfu.ca/students/calendar/2026/fall/programs/business/major/bachelor-of-business-administration.html,source_checked,Codex
upper-bus393,BBA,,2026-fall,Upper core,one course,1,BUS 393,,C-,,https://www.sfu.ca/students/calendar/2026/fall/programs/business/major/bachelor-of-business-administration.html,source_checked,Codex
upper-bus478,BBA,,2026-fall,Upper core,one course,1,BUS 478,institution SFU,C-,,https://www.sfu.ca/students/calendar/2026/fall/programs/business/major/bachelor-of-business-administration.html,source_checked,Codex
upper-bus496,BBA,,2026-fall,Upper core,one course,1,BUS 496,institution SFU,P,Applies to BBA entrants Fall 2022 onward.,https://www.sfu.ca/students/calendar/2026/fall/courses/bus/496.html,source_checked,Codex
upper-organization-or-hr,BBA,,2026-fall,Upper core,one course,1,"BUS 374, BUS 381",,C-,,https://www.sfu.ca/students/calendar/2026/fall/programs/business/major/bachelor-of-business-administration.html,source_checked,Codex
upper-global,BBA,,2026-fall,Upper core,one course,1,"BUS 346, BUS 410, BUS 411, BUS 417, BUS 418, BUS 430, BUS 431, BUS 432, BUS 434, BUS 435, BUS 447",,C-,"Alternative: 3 upper-division business units through approved SFU international exchange, Beedie field school or Global Campus Experience; advisor consultation required.",https://www.sfu.ca/students/calendar/2026/fall/programs/business/major/bachelor-of-business-administration.html,source_checked,Codex
upper-business-units,BBA,,2026-fall,Upper core,units from,36,,subject business; level upper,,Within last 60 degree units; includes core and concentration.,https://www.sfu.ca/students/calendar/2026/fall/programs/business/major/bachelor-of-business-administration.html,source_checked,Codex
upper-400-courses,BBA,,2026-fall,Upper core,n courses,3,,"dept BUS; level 400; exclude practicum,BUS 478; if institution SFU then course_units >= 3",,Concentration courses may also count; zero-unit courses excluded.,https://www.sfu.ca/students/calendar/2026/fall/programs/business/major/bachelor-of-business-administration.html,source_checked,Codex
upper-400-sfu,BBA,,2026-fall,Upper core,n courses,1,,"dept BUS; level 400; institution SFU; course_units >= 3; exclude practicum,BUS 478",,"Subset of upper-400-courses, not an additional course.",https://www.sfu.ca/students/calendar/2026/fall/programs/business/major/bachelor-of-business-administration.html,source_checked,Codex
upper-concentration-completion,BBA,,2026-fall,Upper core,completed concentrations,1,,,,Complete at least one concentration.,https://www.sfu.ca/students/calendar/2026/fall/programs/business/major/bachelor-of-business-administration.html,source_checked,Codex
upper-concentration-declaration,BBA,,2026-fall,Upper core,declare concentrations,1,,earned_units >= 45,,Normally declare one or two; additional concentration requires advisor approval.,https://www.sfu.ca/students/calendar/2026/fall/programs/business/major/bachelor-of-business-administration.html,source_checked,Codex
beedie-bus-gpa-entry,BBA,,2026-fall,Beedie,minimum GPA,2.3,,SFU business courses; purpose entry_to_300_400_BUS,,,https://www.sfu.ca/students/calendar/2026/fall/programs/business/major/bachelor-of-business-administration.html,source_checked,Codex
beedie-bus-gpa-graduation,BBA,,2026-fall,Beedie,minimum GPA,2.3,,SFU business courses; purpose graduation,,,https://www.sfu.ca/students/calendar/2026/fall/programs/business/major/bachelor-of-business-administration.html,source_checked,Codex
beedie-core-grade,BBA,,2026-fall,Beedie,minimum grade,,,lower requirements OR business core OR business prerequisite,C-,"P-graded BUS 203, BUS 300 and BUS 496 use their specific pass requirements.",https://www.sfu.ca/students/calendar/2026/fall/programs/business/major/bachelor-of-business-administration.html,source_checked,Codex
beedie-nonbus,BBA,,2026-fall,Beedie,units from,36,,"dept not in BUS,BUEC",,Non-BUS/BUEC lower requirements may count.,https://www.sfu.ca/students/calendar/2026/fall/programs/business/major/bachelor-of-business-administration.html,source_checked,Codex
beedie-upper-total,BBA,,2026-fall,Beedie,units from,45,,level upper,,BBA-specific minimum; university general minimum is 44.,https://www.sfu.ca/students/calendar/2026/fall/programs/business/major/bachelor-of-business-administration.html,source_checked,Codex
beedie-nonbus-electives-total,BBA,,2026-fall,Beedie,units from,9,,eligible Group A OR Group B; outside Beedie,,Includes at least 6 Group A units and 3 Group B units.,https://www.sfu.ca/students/calendar/2026/fall/programs/business/major/bachelor-of-business-administration.html,source_checked,Codex
beedie-nonbus-group-a,BBA,,2026-fall,Beedie,units from,6,"ECON 342, GA 101, GEOG 100, HIST 231, HUM 101W, IS 101, IS 200, IS 210, IS 220, IS 315, IS 427, LBST 312, POL 141, SA 302W, WL 100, CA 381, CMNS 110, HIST 135, IAT 110, IAT 210, POL 150, POL 253, PSYC 106, SA 150, SEE 110, TEKX 101, ECON 381, ECON 393, GSWS 100, INDG 305, LBST 100, LBST 101, PHIL 121, REM 100, REM 350, SA 200W, SA 219, SD 281, URB 101, ARCH 101, BPK 140, EASC 104, EASC 107, ECON 102, ECON 355W, EDUC 100W, GEOG 104, GEOG 333, PLAN 100, REM 320W, REM 321, REM 355, REM 357",outside Beedie,,,https://www.sfu.ca/students/calendar/2026/fall/programs/business/major/bachelor-of-business-administration.html,source_checked,Codex
beedie-nonbus-group-b,BBA,,2026-fall,Beedie,units from,3,"ENGL 360, INDG 101, INDG 110W, INDG 111, INDG 201W, INDG 360, REM 207, SA 216",outside Beedie,,Alternative: any INDG course worth at least 3 units.,https://www.sfu.ca/students/calendar/2026/fall/programs/business/major/bachelor-of-business-administration.html,source_checked,Codex
beedie-foundation-pathway,BBA,,2026-fall,Beedie,complete pathway,1,,admitted_to_Beedie >= 2017-fall,,First year; high-school or transfer stream. Linked pathway detail needs separate curation.,https://www.sfu.ca/students/calendar/2026/fall/programs/business/major/bachelor-of-business-administration.html,needs_review,Codex
beedie-residency-total,BBA,,2026-fall,Beedie,minimum fraction,0.5,,institution SFU; denominator program_total_units,,,https://www.sfu.ca/students/calendar/2026/fall/programs/business/major/bachelor-of-business-administration.html,source_checked,Codex
beedie-residency-upper,BBA,,2026-fall,Beedie,minimum fraction,0.6666666666666666,,institution SFU; level upper; denominator program_upper_units,,,https://www.sfu.ca/students/calendar/2026/fall/programs/business/major/bachelor-of-business-administration.html,source_checked,Codex
univ-total,*,,2026-fall,University,units from,120,,degree first_bachelors,,First bachelor degree minimum.,https://www.sfu.ca/students/calendar/2026/fall/fees-and-regulations/credentials-offered/definitions.html,source_checked,Codex
univ-upper,*,,2026-fall,University,units from,44,,degree first_bachelors; level upper,,Notion requested 45; official university minimum is 44. BBA requires 45 separately.,https://www.sfu.ca/students/calendar/2026/fall/fees-and-regulations/credentials-offered/definitions.html,source_checked,Codex
univ-writing,*,,2026-fall,University,units from,6,,designation W; degree first_bachelors,C-,Also satisfy lower and upper W course rules.,https://www.sfu.ca/students/calendar/2026/fall/fees-and-regulations/enrolment/WQB.html,source_checked,Codex
univ-writing-course-count,*,,2026-fall,University,n courses,2,,designation W; course_units >= 3; degree first_bachelors,C-,,https://www.sfu.ca/students/calendar/2026/fall/fees-and-regulations/enrolment/WQB.html,source_checked,Codex
univ-writing-lower,*,,2026-fall,University,n courses,1,,designation W; level lower; course_units >= 3; degree first_bachelors,C-,Transfers entering with 60 units may take an upper W instead; upper W in major still required.,https://www.sfu.ca/students/calendar/2026/fall/fees-and-regulations/enrolment/WQB.html,source_checked,Codex
univ-writing-upper,*,,2026-fall,University,n courses,1,,designation W; level upper; institution SFU; subject in major; course_units >= 3; degree first_bachelors,C-,,https://www.sfu.ca/students/calendar/2026/fall/fees-and-regulations/enrolment/WQB.html,source_checked,Codex
univ-quant,*,,2026-fall,University,units from,6,,designation Q; degree first_bachelors,C-,,https://www.sfu.ca/students/calendar/2026/fall/fees-and-regulations/enrolment/WQB.html,source_checked,Codex
univ-quant-course-count,*,,2026-fall,University,n courses,2,,designation Q; degree first_bachelors,C-,,https://www.sfu.ca/students/calendar/2026/fall/fees-and-regulations/enrolment/WQB.html,source_checked,Codex
univ-breadth-social,*,,2026-fall,University,units from,6,,designation B-Soc; subject outside major; degree first_bachelors,C-,Use distinct courses across breadth buckets; joint/multiple-program exceptions apply.,https://www.sfu.ca/students/calendar/2026/fall/fees-and-regulations/enrolment/WQB.html,source_checked,Codex
univ-breadth-social-course-count,*,,2026-fall,University,n courses,2,,designation B-Soc; subject outside major; degree first_bachelors,C-,,https://www.sfu.ca/students/calendar/2026/fall/fees-and-regulations/enrolment/WQB.html,source_checked,Codex
univ-breadth-humanities,*,,2026-fall,University,units from,6,,designation B-Hum; subject outside major; degree first_bachelors,C-,Use distinct courses across breadth buckets; joint/multiple-program exceptions apply.,https://www.sfu.ca/students/calendar/2026/fall/fees-and-regulations/enrolment/WQB.html,source_checked,Codex
univ-breadth-humanities-course-count,*,,2026-fall,University,n courses,2,,designation B-Hum; subject outside major; degree first_bachelors,C-,,https://www.sfu.ca/students/calendar/2026/fall/fees-and-regulations/enrolment/WQB.html,source_checked,Codex
univ-breadth-science,*,,2026-fall,University,units from,6,,designation B-Sci; subject outside major; degree first_bachelors,C-,Use distinct courses across breadth buckets; joint/multiple-program exceptions apply.,https://www.sfu.ca/students/calendar/2026/fall/fees-and-regulations/enrolment/WQB.html,source_checked,Codex
univ-breadth-science-course-count,*,,2026-fall,University,n courses,2,,designation B-Sci; subject outside major; degree first_bachelors,C-,,https://www.sfu.ca/students/calendar/2026/fall/fees-and-regulations/enrolment/WQB.html,source_checked,Codex
univ-breadth-additional,*,,2026-fall,University,units from,6,,subject outside major; not allocated to designated breadth; degree first_bachelors,C-,B designation optional; joint/multiple-program exceptions apply.,https://www.sfu.ca/students/calendar/2026/fall/fees-and-regulations/enrolment/WQB.html,source_checked,Codex
univ-breadth-additional-course-count,*,,2026-fall,University,n courses,2,,subject outside major; not allocated to designated breadth; degree first_bachelors,C-,,https://www.sfu.ca/students/calendar/2026/fall/fees-and-regulations/enrolment/WQB.html,source_checked,Codex
univ-breadth-total,*,,2026-fall,University,units from,24,,subject outside major; degree first_bachelors,C-,18 designated + 6 additional; courses allocated once to breadth.,https://www.sfu.ca/students/calendar/2026/fall/fees-and-regulations/enrolment/WQB.html,source_checked,Codex
univ-breadth-no-double-count,*,,2026-fall,University,maximum breadth allocations per course,1,,degree first_bachelors,,W and Q can overlap with B; one course cannot fulfil two B requirements.,https://www.sfu.ca/students/calendar/2026/fall/fees-and-regulations/enrolment/WQB.html,source_checked,Codex
univ-wqb-grade,*,,2026-fall,University,minimum grade,,,designation W OR Q OR B,C-,Applies when earning designation credit.,https://www.sfu.ca/students/calendar/2026/fall/fees-and-regulations/enrolment/WQB.html,source_checked,Codex
univ-second-degree-writing,*,,2026-fall,University,n courses,1,,degree second_bachelors; designation W; level upper; subject in major; institution SFU; course_units >= 3,C-,Second degree: lower W and all breadth exempt.,https://www.sfu.ca/students/calendar/2026/fall/fees-and-regulations/enrolment/WQB.html,source_checked,Codex
univ-second-degree-quant,*,,2026-fall,University,n courses,1,,degree second_bachelors; designation Q; course_units >= 3,C-,Second degree: 3 Q units exempt.,https://www.sfu.ca/students/calendar/2026/fall/fees-and-regulations/enrolment/WQB.html,source_checked,Codex
finance-bus313,BBA,Finance,2026-fall,Concentration,one course,1,BUS 313,,,,https://www.sfu.ca/students/calendar/2026/fall/programs/business/major/bachelor-of-business-administration.html,source_checked,Codex
finance-bus315,BBA,Finance,2026-fall,Concentration,one course,1,BUS 315,,,,https://www.sfu.ca/students/calendar/2026/fall/programs/business/major/bachelor-of-business-administration.html,source_checked,Codex
finance-electives,BBA,Finance,2026-fall,Concentration,n courses,3,"BUS 410, BUS 411, BUS 412, BUS 414, BUS 417, BUS 418, BUS 419, BUS 490, BUS 491, BUS 492, BUS 493, BUS 494, BUS 495",,,BUS 490-495 require this concentration topic.,https://www.sfu.ca/students/calendar/2026/fall/programs/business/major/bachelor-of-business-administration.html,source_checked,Codex
accounting-bus320,BBA,Accounting,2026-fall,Concentration,one course,1,BUS 320,institution SFU,,,https://www.sfu.ca/students/calendar/2026/fall/programs/business/major/bachelor-of-business-administration.html,source_checked,Codex
accounting-bus321,BBA,Accounting,2026-fall,Concentration,one course,1,BUS 321,institution SFU,,,https://www.sfu.ca/students/calendar/2026/fall/programs/business/major/bachelor-of-business-administration.html,source_checked,Codex
accounting-bus322,BBA,Accounting,2026-fall,Concentration,one course,1,BUS 322,institution SFU,,,https://www.sfu.ca/students/calendar/2026/fall/programs/business/major/bachelor-of-business-administration.html,source_checked,Codex
accounting-bus421,BBA,Accounting,2026-fall,Concentration,one course,1,BUS 421,institution SFU,,,https://www.sfu.ca/students/calendar/2026/fall/programs/business/major/bachelor-of-business-administration.html,source_checked,Codex
accounting-electives,BBA,Accounting,2026-fall,Concentration,n courses,1,"BUS 420, BUS 424, BUS 426, BUS 428, BUS 490, BUS 491, BUS 492, BUS 493, BUS 494, BUS 495",institution SFU,,BUS 490-495 require this concentration topic.,https://www.sfu.ca/students/calendar/2026/fall/programs/business/major/bachelor-of-business-administration.html,source_checked,Codex
innovation-entrepreneurship-bus314,BBA,Innovation and Entrepreneurship,2026-fall,Concentration,one course,1,BUS 314,,,,https://www.sfu.ca/students/calendar/2026/fall/programs/business/major/bachelor-of-business-administration.html,source_checked,Codex
innovation-entrepreneurship-bus338,BBA,Innovation and Entrepreneurship,2026-fall,Concentration,one course,1,BUS 338,,,,https://www.sfu.ca/students/calendar/2026/fall/programs/business/major/bachelor-of-business-administration.html,source_checked,Codex
innovation-entrepreneurship-bus477,BBA,Innovation and Entrepreneurship,2026-fall,Concentration,one course,1,BUS 477,,,,https://www.sfu.ca/students/calendar/2026/fall/programs/business/major/bachelor-of-business-administration.html,source_checked,Codex
innovation-entrepreneurship-electives,BBA,Innovation and Entrepreneurship,2026-fall,Concentration,n courses,1,"BUS 347, BUS 361, BUS 394, BUS 395, BUS 443, BUS 450, BUS 453, BUS 488, BUS 490, BUS 491, BUS 492, BUS 493, BUS 494, BUS 495",,,BUS 394/395 and BUS 490-495 require this concentration topic.,https://www.sfu.ca/students/calendar/2026/fall/programs/business/major/bachelor-of-business-administration.html,source_checked,Codex
human-resource-management-bus374,BBA,Human Resource Management,2026-fall,Concentration,one course,1,BUS 374,,,,https://www.sfu.ca/students/calendar/2026/fall/programs/business/major/bachelor-of-business-administration.html,source_checked,Codex
human-resource-management-bus381,BBA,Human Resource Management,2026-fall,Concentration,one course,1,BUS 381,,,,https://www.sfu.ca/students/calendar/2026/fall/programs/business/major/bachelor-of-business-administration.html,source_checked,Codex
human-resource-management-electives,BBA,Human Resource Management,2026-fall,Concentration,n courses,3,"BUS 481, BUS 482, BUS 483, BUS 484, BUS 485, BUS 486, BUS 487, BUS 488, BUS 489, BUS 490, BUS 491, BUS 492, BUS 493, BUS 494, BUS 495",,,BUS 490-495 require this concentration topic.,https://www.sfu.ca/students/calendar/2026/fall/programs/business/major/bachelor-of-business-administration.html,source_checked,Codex
international-business-bus346,BBA,International Business,2026-fall,Concentration,one course,1,BUS 346,,,,https://www.sfu.ca/students/calendar/2026/fall/programs/business/major/bachelor-of-business-administration.html,source_checked,Codex
international-business-electives,BBA,International Business,2026-fall,Concentration,n courses,3,"BUS 418, BUS 430, BUS 431, BUS 432, BUS 434, BUS 435, BUS 447, BUS 490, BUS 491, BUS 492, BUS 493, BUS 494, BUS 495",,,BUS 490-495 require this concentration topic.,https://www.sfu.ca/students/calendar/2026/fall/programs/business/major/bachelor-of-business-administration.html,source_checked,Codex
management-information-systems-bus361,BBA,Management Information Systems,2026-fall,Concentration,one course,1,BUS 361,,,,https://www.sfu.ca/students/calendar/2026/fall/programs/business/major/bachelor-of-business-administration.html,source_checked,Codex
management-information-systems-bus362,BBA,Management Information Systems,2026-fall,Concentration,one course,1,BUS 362,,,,https://www.sfu.ca/students/calendar/2026/fall/programs/business/major/bachelor-of-business-administration.html,source_checked,Codex
management-information-systems-bus468,BBA,Management Information Systems,2026-fall,Concentration,one course,1,BUS 468,,,,https://www.sfu.ca/students/calendar/2026/fall/programs/business/major/bachelor-of-business-administration.html,source_checked,Codex
management-information-systems-electives,BBA,Management Information Systems,2026-fall,Concentration,n courses,2,"BUS 462, BUS 464, BUS 465, BUS 466, BUS 490, BUS 491, BUS 492, BUS 493, BUS 494, BUS 495",,,BUS 490-495 require this concentration topic.,https://www.sfu.ca/students/calendar/2026/fall/programs/business/major/bachelor-of-business-administration.html,source_checked,Codex
marketing-total,BBA,Marketing,2026-fall,Concentration,n courses,4,"BUS 345, BUS 441, BUS 445, BUS 490, BUS 491, BUS 492, BUS 493, BUS 494, BUS 495, BUS 347, BUS 443, BUS 444, BUS 446, BUS 447, BUS 448, BUS 449, BUS 455",level upper,,BUS 490-495: qualifying quantitative or behavioural marketing topic.,https://www.sfu.ca/students/calendar/2026/fall/programs/business/major/bachelor-of-business-administration.html,source_checked,Codex
marketing-analytics,BBA,Marketing,2026-fall,Concentration,n courses,1,"BUS 345, BUS 441, BUS 445, BUS 490, BUS 491, BUS 492, BUS 493, BUS 494, BUS 495",level upper,,Subset of marketing-total; BUS 490-495 require quantitative marketing topic.,https://www.sfu.ca/students/calendar/2026/fall/programs/business/major/bachelor-of-business-administration.html,source_checked,Codex
marketing-consumer-behaviours,BBA,Marketing,2026-fall,Concentration,n courses,1,"BUS 347, BUS 443, BUS 444, BUS 446, BUS 447, BUS 448, BUS 449, BUS 455, BUS 490, BUS 491, BUS 492, BUS 493, BUS 494, BUS 495",level upper,,Subset of marketing-total; BUS 490-495 require behavioural marketing topic.,https://www.sfu.ca/students/calendar/2026/fall/programs/business/major/bachelor-of-business-administration.html,source_checked,Codex
operations-management-bus336,BBA,Operations Management,2026-fall,Concentration,one course,1,BUS 336,,,,https://www.sfu.ca/students/calendar/2026/fall/programs/business/major/bachelor-of-business-administration.html,source_checked,Codex
operations-management-bus473,BBA,Operations Management,2026-fall,Concentration,one course,1,BUS 473,,,,https://www.sfu.ca/students/calendar/2026/fall/programs/business/major/bachelor-of-business-administration.html,source_checked,Codex
operations-management-electives,BBA,Operations Management,2026-fall,Concentration,n courses,2,"BUS 437, BUS 440, BUS 445, BUS 474, BUS 475, BUS 490, BUS 491, BUS 492, BUS 493, BUS 494, BUS 495",,,BUS 490-495 require this concentration topic.,https://www.sfu.ca/students/calendar/2026/fall/programs/business/major/bachelor-of-business-administration.html,source_checked,Codex
strategic-analysis-electives,BBA,Strategic Analysis,2026-fall,Concentration,n courses,3,"BUS 307, BUS 371, BUS 471, BUS 479, BUS 490, BUS 491, BUS 492, BUS 493, BUS 494, BUS 495",,,BUS 490-495 require this concentration topic.,https://www.sfu.ca/students/calendar/2026/fall/programs/business/major/bachelor-of-business-administration.html,source_checked,Codex
